[
    {
        "bundleIdentifier": "us.zoom.xos",
        "status": "fully_compatible",
        "type": "app_and_browser",
        "displayName": "Zoom",
        "customDocument": "zoom"
    },
    {
        "bundleIdentifier": "",
        "status": "fully_compatible",
        "type": "browser_only",
        "displayName": "Google Meet",
        "imageName": "google-meet"
    },
    {
        "bundleIdentifier": "com.microsoft.teams",
        "status": "fully_compatible",
        "type": "app_and_browser",
        "displayName": "Microsoft Teams"
    },
    {
        "bundleIdentifier": "Cisco-Systems.Spark",
        "status": "fully_compatible",
        "type": "app_and_browser",
        "displayName": "Webex",
        "suggestedMainBundlePath": "/Applications/Webex.app",
        "customDocument": "webex"
    },
    {
        "bundleIdentifier": "com.logmein.GoToMeeting",
        "status": "fully_compatible",
        "type": "app_only",
        "displayName": "GoToMeeting",
        "customDocument": "gotomeeting"
    },
    {
        "bundleIdentifier": "com.bluejeansnet.Blue",
        "status": "fully_compatible",
        "type": "app_only",
        "displayName": "BlueJeans"
    },
    {
        "bundleIdentifier": "com.obsproject.obs-studio",
        "status": "fully_compatible",
        "type": "app_only",
        "displayName": "OBS Studio"
    },
    {
        "bundleIdentifier": "com.ecamm.EcammLive",
        "status": "fully_compatible",
        "type": "app_only",
        "displayName": "Ecamm Live"
    },
    {
        "status": "strip_needed",
        "bundleIdentifier": "workplace-desktop",
        "type": "app_and_browser",
        "displayName": "Facebook Workplace",
        "suggestedMainBundlePath": "/Applications/Workplace Chat.app",
        "additionalStripPaths": [
            "Contents/Frameworks/Workplace Chat Helper (Renderer).app"
        ],
        "skipMainBundleStrip": true
    },
    {
        "bundleIdentifier": "com.google.Chrome",
        "status": "fully_compatible",
        "type": "app_only",
        "displayName": "Google Chrome"
    },
    {
        "bundleIdentifier": "org.mozilla.firefox",
        "status": "fully_compatible",
        "type": "app_only",
        "displayName": "Firefox",
        "customDocument": "firefox"
    },
    {
        "bundleIdentifier": "com.microsoft.edgemac",
        "status": "fully_compatible",
        "type": "app_only",
        "displayName": "Microsoft Edge"
    },
    {
        "bundleIdentifier": "com.brave.Browser",
        "status": "fully_compatible",
        "type": "app_only",
        "displayName": "Brave Browser"
    },
    {
        "bundleIdentifier": "net.telestream.screenflow9",
        "status": "fully_compatible",
        "type": "app_only",
        "displayName": "ScreenFlow"
    },
    {
        "bundleIdentifier": "com.loom.desktop",
        "status": "fully_compatible",
        "type": "app_and_browser",
        "displayName": "Loom",
        "suggestedMainBundlePath": "/Applications/Loom.app"
    },
    {
        "bundleIdentifier": "com.apple.QuickTimePlayerX",
        "status": "see_roadmap",
        "type": "app_only",
        "displayName": "QuickTime Player"
    },
    {
        "status": "fully_compatible",
        "type": "browser_only",
        "displayName": "Jitsi",
        "imageName": "jitsi"
    },
    {
        "status": "fully_compatible",
        "type": "browser_only",
        "displayName": "BigBlueButton",
        "imageName": "bigbluebutton"
    },
    {
        "bundleIdentifier": "com.tinyspeck.slackmacgap",
        "status": "strip_needed",
        "type": "app_and_browser",
        "displayName": "Slack",
        "suggestedMainBundlePath": "/Applications/Slack.app",
        "additionalStripPaths": [
            "Contents/Frameworks/Slack Helper (GPU).app",
            "Contents/Frameworks/Slack Helper (Renderer).app",
            "Contents/Frameworks/Slack Helper.app",
            "Contents/Frameworks/Slack Helper (Plugin).app"
        ]
    },
    {
        "bundleIdentifier": "com.hnc.Discord",
        "status": "strip_needed",
        "type": "app_and_browser",
        "displayName": "Discord",
        "suggestedMainBundlePath": "/Applications/Discord.app",
        "additionalStripPaths": [
            "Contents/Frameworks/Discord Helper (Renderer).app"
        ],
        "skipMainBundleStrip": true
    },
    {
        "bundleIdentifier": "com.globaldelight.Capto",
        "status": "fully_compatible",
        "type": "app_only",
        "displayName": "Capto"
    },
    {
        "bundleIdentifier": "com.wondershare.filmora",
        "status": "fully_compatible",
        "type": "app_only",
        "displayName": "Wondershare Filmora"
    },
    {
        "bundleIdentifier": "com.amazon.Amazon-Chime",
        "status": "strip_needed",
        "type": "app_and_browser",
        "displayName": "Amazon Chime",
        "suggestedMainBundlePath": "/Applications/Amazon Chime.app"
    },
    {
        "bundleIdentifier": "us.zoom.ringcentral",
        "status": "strip_needed",
        "type": "app_only",
        "displayName": "RingCentral Meetings",
        "suggestedMainBundlePath": "/Applications/RingCentral Meetings.app"
    },
    {
        "bundleIdentifier": "net.rafaelconde.Hand-Mirror",
        "status": "fully_compatible",
        "type": "app_only",
        "displayName": "Hand Mirror"
    },
    {
        "bundleIdentifier": "com.thnkdev.pearl",
        "status": "strip_needed",
        "type": "app_only",
        "displayName": "Pearl",
        "suggestedMainBundlePath": "/Applications/Pearl.app"
    },
    {
        "bundleIdentifier": "net.telestream.wirecast",
        "status": "fully_compatible",
        "type": "app_only",
        "displayName": "Telestream Wirecast"
    },
    {
        "status": "fully_compatible",
        "type": "browser_only",
        "displayName": "YouTube Live Streaming",
        "imageName": "youtube"
    },
    {
        "bundleIdentifier": "com.videxio.mmvdesktop",
        "status": "fully_compatible",
        "type": "app_only",
        "displayName": "Pexip"
    },
    {
        "bundleIdentifier": "com.linebreak.CloudAppMacOSX",
        "status": "strip_needed",
        "type": "app_only",
        "displayName": "CloudApp",
        "suggestedMainBundlePath": "/Applications/CloudApp.app"
    },
    {
        "bundleIdentifier": "com.panopto.mac",
        "status": "fully_compatible",
        "type": "app_only",
        "displayName": "Panopto",
        "suggestedMainBundlePath": "/Applications/Panopto.app"
    },
    {
        "bundleIdentifier": "com.all-turtles.mmhmm.mmhmm",
        "status": "fully_compatible",
        "type": "app_only",
        "displayName": "mmhmm"
    },
    {
        "bundleIdentifier": "com.descript.beachcube",
        "status": "fully_compatible",
        "type": "app_only",
        "displayName": "Descript"
    },
    {
        "bundleIdentifier": "com.apple.PhotoBooth",
        "status": "see_roadmap",
        "type": "app_only",
        "displayName": "Photo Booth",
        "customDocument": "photobooth"
    },
    {
        "bundleIdentifier": "com.apple.FaceTime",
        "status": "see_roadmap",
        "type": "app_only",
        "displayName": "FaceTime"
    },
    {
        "bundleIdentifier": "com.apple.Safari",
        "status": "see_roadmap",
        "type": "app_only",
        "displayName": "Safari"
    },
    {
        "bundleIdentifier": "com.apple.iMovieApp",
        "status": "fully_compatible",
        "type": "app_only",
        "displayName": "iMovie"
    },
    {
        "bundleIdentifier": "com.techsmith.camtasia2020",
        "status": "see_roadmap",
        "type": "app_only",
        "displayName": "Camtasia"
    },
    {
        "bundleIdentifier": "com.electron.zohomeeting",
        "status": "strip_needed",
        "type": "app_and_browser",
        "displayName": "Zoho Meeting",
        "suggestedMainBundlePath": "/Applications/Zoho Meeting.app",
        "additionalStripPaths": [
            "Contents/Frameworks/Zoho Meeting Helper.app"
        ],
        "skipMainBundleStrip": true
    },
    {
        "status": "fully_compatible",
        "type": "browser_only",
        "displayName": "MeetButter",
        "imageName": "meetbutter"
    },
    {
        "status": "fully_compatible",
        "type": "browser_only",
        "displayName": "Flipgrid",
        "imageName": "flipgrid"
    },
    {
        "bundleIdentifier": "app.tuple.app",
        "status": "fully_compatible",
        "type": "app_only",
        "displayName": "Tuple"
    },
    {
        "bundleIdentifier": "com.electron.macro",
        "status": "untested",
        "type": "app_only",
        "displayName": "Macro"
    },
    {
        "status": "untested",
        "type": "app_only",
        "displayName": "JioMeet",
        "imageName": "jiomeet"
    },
    {
        "status": "fully_compatible",
        "type": "browser_only",
        "displayName": "Stream.club",
        "imageName": "streamclub"
    },
    {
        "bundleIdentifier": "com.skype.skype",
        "status": "fully_compatible",
        "type": "app_only",
        "displayName": "Skype"
    },
    {
        "bundleIdentifier": "com.microsoft.SkypeForBusiness",
        "status": "see_roadmap",
        "type": "app_only",
        "displayName": "Skype for Business",
        "imageName": "skype-business",
        "suggestedMainBundlePath": "/Applications/Skype for Business.app"
    },
    {
        "bundleIdentifier": "com.pop.pop.app",
        "status": "strip_needed",
        "type": "app_only",
        "displayName": "Pop",
        "suggestedMainBundlePath": "/Applications/Pop.app",
        "additionalStripPaths": [
            "Contents/Frameworks/Pop Helper (Plugin).app/Contents/MacOS/Pop Helper (Plugin)",
            "Contents/Frameworks/Pop Helper.app/Contents/MacOS/Pop Helper",
            "Contents/Frameworks/Pop Helper (GPU).app/Contents/MacOS/Pop Helper (GPU)",
            "Contents/Frameworks/Pop Helper (Renderer).app/Contents/MacOS/Pop Helper (Renderer)"
        ],
        "skipMainBundleStrip": true
    },
    {
        "bundleIdentifier": "com.streamlabs.slobs",
        "status": "fully_compatible",
        "type": "app_only",
        "displayName": "Streamlabs"
    },
    {
        "status": "fully_compatible",
        "type": "browser_only",
        "displayName": "Streamyard",
        "imageName": "streamyard"
    },
    {
        "status": "fully_compatible",
        "type": "browser_only",
        "displayName": "vMix",
        "imageName": "vmix",
        "customDocument": "vmix"
    },
    {
        "bundleIdentifier": "com.twitch.desktop",
        "status": "fully_compatible",
        "type": "app_only",
        "displayName": "Twitch"
    },
    {
        "bundleIdentifier": "com.twitch.spotlight",
        "status": "fully_compatible",
        "type": "app_only",
        "displayName": "Twitch Studio"
    },
    {
        "bundleIdentifier": "io.objc.Narrated",
        "status": "fully_compatible",
        "type": "app_only",
        "displayName": "Narrated"
    },
    {
        "bundleIdentifier": "com.highfive.prod",
        "status": "strip_needed",
        "type": "app_only",
        "displayName": "HighFive"
    },
    {
        "bundleIdentifier": "com.teamviewer.blizz",
        "status": "strip_needed",
        "type": "app_only",
        "displayName": "TeamViewer Meeting"
    },
    {
        "bundleIdentifier": "com.snap.SnapCamera",
        "status": "strip_needed",
        "type": "app_only",
        "displayName": "Snap Camera",
        "suggestedMainBundlePath": "/Applications/Snap Camera.app"
    },
    {
        "status": "fully_compatible",
        "type": "browser_only",
        "displayName": "Whereby",
        "imageName": "whereby"
    },
    {
        "bundleIdentifier": "com.herzick.mac",
        "status": "fully_compatible",
        "type": "app_only",
        "displayName": "Houseparty"
    },
    {
        "bundleIdentifier": "com.icq.macicq",
        "status": "strip_needed",
        "type": "app_and_browser",
        "displayName": "ICQ",
        "suggestedMainBundlePath": "/Applications/ICQ.app"
    },
    {
        "bundleIdentifier": "io.vidr.Vidrio",
        "status": "strip_needed",
        "type": "app_only",
        "displayName": "Vidrio",
        "suggestedMainBundlePath": "/Applications/Vidrio.app"
    },
    {
        "bundleIdentifier": "com.dslrBooth.dslrBooth",
        "status": "strip_needed",
        "type": "app_only",
        "displayName": "dslrBooth"
    },
    {
        "bundleIdentifier": "com.figure53.QLab.4",
        "status": "fully_compatible",
        "type": "app_only",
        "displayName": "QLab"
    },
    {
        "bundleIdentifier": "com.alibaba.DingTalkMacLite",
        "status": "untested",
        "type": "app_only",
        "displayName": "DingTalk"
    },
    {
        "bundleIdentifier": "",
        "status": "untested",
        "type": "app_only",
        "displayName": "Fuze",
        "imageName": "fuze"
    },
    {
        "bundleIdentifier": "",
        "status": "untested",
        "type": "app_only",
        "displayName": "Renavisio",
        "imageName": "renavisio"
    },
    {
        "bundleIdentifier": "",
        "status": "untested",
        "type": "app_only",
        "displayName": "Scopia Desktop",
        "imageName": "scopia-desktop"
    },
    {
        "status": "fully_compatible",
        "type": "browser_only",
        "displayName": "Riverside",
        "imageName": "riverside"
    },
    {
        "status": "fully_compatible",
        "type": "browser_only",
        "displayName": "Restream",
        "imageName": "restream"
    },
    {
        "status": "fully_compatible",
        "type": "browser_only",
        "displayName": "Melon",
        "imageName": "melon"
    },
    {
        "status": "fully_compatible",
        "type": "browser_only",
        "displayName": "PitchHub",
        "imageName": "pitchHub"
    },
    {
        "status": "fully_compatible",
        "type": "browser_only",
        "displayName": "Livestorm",
        "imageName": "livestorm"
    },
    {
        "status": "fully_compatible",
        "type": "browser_only",
        "displayName": "SquadCast",
        "imageName": "squadCast"
    },
    {
        "status": "fully_compatible",
        "type": "browser_only",
        "displayName": "VideoAsk",
        "imageName": "videoAsk"
    },
    {
        "status": "untested",
        "type": "browser_only",
        "displayName": "AttendAnywhere",
        "imageName": "attendAnywhere"
    },
    {
        "bundleIdentifier": "com.visicom.ManyCam.application",
        "status": "fully_compatible",
        "type": "app_only",
        "displayName": "ManyCam"
    },
    {
        "bundleIdentifier": "us.zoom.telus",
        "status": "strip_needed",
        "type": "app_only",
        "displayName": "TELUS Business Connect Meetings",
        "suggestedMainBundlePath": "/Applications/TELUS Business Connect Meetings.app"
    },
    {
        "bundleIdentifier": "com.lifesize.cloud",
        "status": "fully_compatible",
        "type": "app_only",
        "displayName": "Lifesize"
    },
    {
        "bundleIdentifier": "com.WhatsApp.chat",
        "status": "see_roadmap",
        "type": "app_only",
        "displayName": "WhatsApp"
    },
    {
        "bundleIdentifier": "com.apple.FinalCut",
        "status": "fully_compatible",
        "type": "app_only",
        "displayName": "Final Cut Pro"
    },
    {
        "bundleIdentifier": "com.adobe.cefconnect.app",
        "status": "fully_compatible",
        "type": "app_and_browser",
        "displayName": "Adobe Connect"
    },
    {
        "status": "fully_compatible",
        "type": "browser_only",
        "displayName": "Clipchamp",
        "imageName": "clipchamp"
    },
    {
        "bundleIdentifier": "com.ringcentral.glip",
        "status": "strip_needed",
        "type": "app_only",
        "displayName": "RingCentral",
        "suggestedMainBundlePath": "/Applications/RingCentral.app",
        "additionalStripPaths": [
            "Contents/Frameworks/RingCentral Helper (Renderer).app"
        ]
    },
    {
        "bundleIdentifier": "com.electron.onvue",
        "status": "strip_needed",
        "type": "app_only",
        "displayName": "OnVUE",
        "suggestedMainBundlePath": "/Applications/OnVUE.app",
        "additionalStripPaths": [
            "Contents/Frameworks/OnVUE Helper (Plugin).app"
        ]
    }
]
